branch_id,branch_name,location,manager_name,opened_date,region,branch_type,contact_number
B018,Branch_18,Ahmedabad,Manager_18,2009-08-03,South,Rural,+91-0260647468
B032,Branch_32,Kolkata,Manager_32,2018-01-18,South,Rural,+91-8236629946
B003,Branch_3,Kolkata,Manager_3,2012-06-18,South,Urban,+91-3511615594
B001,Branch_1,Hyderabad,Manager_1,2012-05-03,East,Urban,+91-3218196001
B070,Branch_70,Chennai,Manager_70,2018-05-23,East,Urban,+91-1745961586
B288,Branch_13,Delhi,Manager_13,2013-12-25,NORTH,Rural,+91-5787133150
B034,Branch_34,Mumbai,Manager_34,2012-09-23,West,Rural,+91-1343320037
B033,Branch_33,Bangalore,Manager_33,2012-11-13,East,Urban,+91-6995777387
B181,Branch_59,Chennai,,2011-12-01,West,Urban,+91-1024994717
B496,Branch_51,Bangalore,Manager_51,2016-07-21,West,Rural,9042284210
B041,Branch_41,Pune,Manager_41,2015-01-29,East,Rural,+91-2729806990
B045,Branch_45,Chennai,Manager_45,2013-12-14,East,Urban,+91-9049663193
B061,Branch_61,Hyderabad,Manager_61,2012-02-02,West,Urban,+91-2787429671
B286,Branch_20,Hyderabad,Manager_20,2022-10-12,NORTH,Urban,+91-2191361939
B494,Branch_46,Bangalore,Manager_46,2005-06-06,East,Urban,+91-3171390053  
B016,Branch_16,Mumbai,Manager_16,2002-09-20,East,Rural,+91-5133387262
B048,Branch_48,Kolkata,Manager_48,2011-01-05,North,Urban,+91-4737996507
B054,Branch_54,Chennai,Manager_54,2022-01-07,North,Urban,+91-0947775204
B391,Branch_31,Hyderabad,Manager_31,2023-04-28,South,urban,+91-5615951484
B285,Branch_76,Ahmedabad,Manager_76,2012-11-02,south ,Urban,+91-9533942104
B601,Branch_47,Pune,Manager_47,2001/12/11,East,Rural,+91-2628498776
B012,Branch_12,Mumbai,Manager_12,2021-10-19,East,Urban,+91-8227824896
B029,Branch_29,Mumbai,Manager_29,2012-07-09,North,Rural,+91-8685014294
B020,Branch_20,Hyderabad,Manager_20,2022-10-12,West,Urban,+91-2191361939
B051,Branch_51,Bangalore,Manager_51,2016-07-21,West,Rural,+91-8856855744
B002,Branch_2,Delhi,Manager_2,2022-09-01,West,Urban,+91-8386379402
B012,Branch_12,Mumbai,Manager_12 ,2021-10-19,East,Urban,+91-48175496
B392,Branch_47,Pune,Manager_47,2016-03-31,East,RURAL,+91-2628498776
B025,Branch_25,Hyderabad,Manager_25,2014-12-17,East,Urban,+91-4278680112
B035,Branch_35,Ahmedabad,Manager_35,2018-08-04,East,Urban,+91-6763201632
B050,Branch_50,Delhi,Manager_50,2018-03-25,East,Rural,+91-8377701436
B023,Branch_23,Chennai,Manager_23,2019-08-28,North,Rural,+91-9808412411
B060,Branch_60,Pune,Manager_60,2012-03-18,North,Rural,+91-7190659401
B497,Branch_36,Hyderabad,Manager_36,2011-03-06,South,Urban,+91 53950 24026
B022,Branch_22,Hyderabad,Manager_22,2020-07-22,East,Urban,+91-1838425135
B037,Branch_37,Ahmedabad,Manager_37,2007-02-20,South,Rural,+91-7434873471
B040,Branch_40,Kolkata,Manager_40,2013-05-24,East,Rural,+91-6889373467
B002,Branch_2,Delhi,Manager_2 ,2022-09-01,West,Urban,1200471138
B598,Branch_9,Pune,Manager_9,2023/01/08,East,Rural,+91-8480184514
B599,Branch_61,Hyderabad,Manager_61,11/21/2004,West,Urban,+91-2787429671
B184,Branch_54,Chennai,,2022-01-07,North,Urban,+91-0947775204
B495,Branch_8,Pune,Manager_8,2017-11-30,North,Rural,+91-93183933
B067,Branch_67,Pune,Manager_67,2015-03-31,North,Rural,+91-0449972787
B076,Branch_76,Ahmedabad,Manager_76,2012-11-02,East,Urban,+91-9533942104
B046,Branch_46,Bangalore,Manager_46,2005-06-06,East,Urban,+91-5865185067
B074,Branch_74,Ahmedabad,Manager_74,2012-11-25,East,Urban,+91-1759464743
B006,Branch_6,Delhi,Manager_6,2007-05-01,West,Rural,+91-6483503056
B005,Branch_5,Mumbai,Manager_5,2010-06-11,North,Urban,+91-6475255341
B031,Branch_31,Hyderabad,Manager_31,2023-04-28,South,Urban,+91-5615951484
B064,Branch_64,Ahmedabad,Manager_64,2019-10-30,North,Urban,+91-3482477109
B289,Branch_63,Mumbai,Manager_63,2014-02-09, West ,Rural,+91-5168087603
B024,Branch_24,Bangalore,Manager_24,2012-08-21,West,Urban,+91-5348740164
B183,Branch_70,Chennai,,2018-05-23,East,Urban,+91-1745961586
B043,Branch_43,Pune,Manager_43,2011-04-26,North,Urban,+91-7080531003
B390,Branch_57,Delhi,Manager_57,2009-06-19,East,RURAL,+91-1232812067
B069,Branch_69,Pune,Manager_69,2006-10-28,South,Rural,+91-0289517187
B021,Branch_21,Mumbai,Manager_21,2018-10-21,East,Rural,+91-4353462475
B007,Branch_7,Mumbai,Manager_7,2009-06-18,North,Rural,+91-3767242388
B047,Branch_47,Pune,Manager_47,2016-03-31,East,Rural,+91-2628498776
B027,Branch_27,Chennai,Manager_27,2010-08-14,South,Urban,+91-2602563421
B026,Branch_26,Kolkata,Manager_26,2006-08-23,East,Rural,+91-2045053315
B066,Branch_66,Pune,Manager_66,2021-08-23,North,Rural,+91-3782639821
B073,Branch_73,Chennai,Manager_73,2003-07-17,West,Rural,+91-9379237474
B044,Branch_44,Hyderabad,Manager_44,2006-11-01,West,Urban,+91-2719374529
B053,Branch_53,Mumbai,Manager_53,2008-09-15,North,Rural,+91-3524082400
B030,Branch_30,Mumbai,Manager_30,2019-06-29,East,Rural,+91-5698169340
B058,Branch_58,Bangalore,Manager_58,2001-06-18,South,Urban,+91-4471349361
B072,Branch_72,Hyderabad,Manager_72,2014-07-20,East,Urban,+91-4556238692
B028,Branch_28,Hyderabad,Manager_28,2021-02-10,South,Urban,+91-3754330365
B015,Branch_15,Chennai,Manager_15,2021-03-15,West,Urban,+91-7631165667
B013,Branch_13,Delhi,Manager_13,2013-12-25,West,Rural,+91-5787133150
B056,Branch_56,Pune,Manager_56,2010-02-14,East,Rural,+91-7749649909
B065,Branch_65,Chennai,Manager_65,2013-12-09,West,Urban,+91-8613171274
B600,Branch_58,Bangalore,Manager_58,07-08-2022,South,Urban,+91-4471349361
B038,Branch_38,Delhi,Manager_38,2012-03-09,North,Rural,+91-5812236231
B068,Branch_68,Kolkata,Manager_68,2016-12-02,North,Rural,+91-5339636057
B077,Branch_77,Hyderabad,Manager_77,2016-05-13,South,Urban,+91-1456232858
B049,Branch_49,Chennai,Manager_49,2021-11-14,North,Urban,+91-5454948083
B393,Branch_13,Delhi,Manager_13,2013-12-25,West,RURAL,+91-5787133150
B071,Branch_71,Ahmedabad,Manager_71,2001-08-11,North,Urban,+91-3431611724
B075,Branch_75,Ahmedabad,Manager_75,2004-10-13,South,Urban,+91-6959440640
B051,Branch_51,Bangalore,Manager_51 ,2016-07-21,West,Rural,+91 70985 93174
B036,Branch_36,Hyderabad,Manager_36,2011-03-06,South,Urban,+91-7278895798
B017,Branch_17,Ahmedabad,Manager_17,2011-03-16,North,Urban,+91-7810801326
B009,Branch_9,Pune,Manager_9,2017-02-12,East,Rural,+91-8480184514
B019,Branch_19,Chennai,Manager_19,2008-07-08,South,Rural,+91-3098050097
B078,Branch_78,Chennai,Manager_78,2011-07-12,North,Rural,+91-4517123685
B042,Branch_42,Pune,Manager_42,2006-02-01,East,Rural,+91-2046537556
B011,Branch_11,Chennai,Manager_11,2023-10-16,North,Urban,+91-9570154303
B010,Branch_10,Chennai,Manager_10,2020-05-08,South,Urban,+91-4828148932
B057,Branch_57,Delhi,Manager_57,2009-06-19,East,Rural,+91-1232812067
B063,Branch_63,Mumbai,Manager_63,2014-02-09,South,Rural,+91-5168087603
B014,Branch_14,Delhi,Manager_14,2000-04-27,West,Urban,+91-0310518347
B287,Branch_54,Chennai,Manager_54,2022-01-07,east,Urban,+91-0947775204
B055,Branch_55,Mumbai,Manager_55,2002-12-06,South,Rural,+91-7190229413
B052,Branch_52,Delhi,Manager_52,2005-05-30,North,Urban,+91-5182337498
B062,Branch_62,Kolkata,Manager_62,2018-04-26,South,Rural,+91-5125674680
B008,Branch_8,Pune,Manager_8,2017-11-30,North,Rural,+91-3287101226
B004,Branch_4,Ahmedabad,Manager_4,2005-08-07,East,Rural,+91-1849593103
B182,Branch_48,Kolkata,,2011-01-05,North,Urban,+91-4737996507
B059,Branch_59,Chennai,Manager_59,2011-12-01,West,Urban,+91-1024994717
B039,Branch_39,Pune,Manager_39,2014-11-04,South,Rural,+91-6036690967
