transaction_id,account_id,product_id,branch_id,date,timestamp,amount,payment_method,status,currency,remarks,is_refund
T9098,A6236,P014,B041,2026-09-30,2026-09-30 19:21:00,19834,Card,Success,INR,Online Purchase,
T9006,A0069,P611,B598,2026-09-30,2026-10-01 18:42:00,52384,Card,Succes,INR,ATM Withdrawal,False
T9091,A6234,P300,B077,2026-10-01,2026-10-01 01:23:00,0,Cash,SUCCESS,INR,,False
T9053,A0068,P090,B078,2026/10/01,2026-10-01 05:38:00,61164,UPI,Success,INR,Online Purchase,False
T9029,A0130,P003,B008,2026-09-30,2026-09-30 21:02:00,22258,Cheque,Failed,INR,ATM Withdrawal,
T9061,A7247,P072,B599,2026-09-30,2026-10-01 16:59:00,83799,Cash,Faild,INR,,False
T9125,A5225,P052,B001,01/10/2026,2026-10-01 22:58:00,47753,Card,Success,INR,ATM Withdrawal,False
T9058,A0145,P007,B067,2026-10-01,2026-10-01 19:08:00,6798,Cash,Success,INR,,False
T9065,A6238,P083,B067,2026-10-01,2026-10-01 06:00:00,,Card,Pending,INR,Fund Transfer,False
T9113,A0080,P094,B066,2027-01-14,2026-10-01 15:59:00,6227,NetBanking,Failed,INR,Fund Transfer,False
T9078,A0069,P093,B045,2026-09-30,2026-09-30 02:08:00,36441,UPI,Failed,INR,,
T0577,A0143,P079,B076,2026-01-18,2026-01-18 12:12:00,37293,Card,Success,INR,Online Purchase [late correction],N
T9047,A5226,P023,B013,2026-09-30,2026-09-30 02:51:00,189600,NetBanking,FAILED,INR,ATM Withdrawal,0
T9168,A0121,P033,B051,2026-10-01,2026-10-01 05:59:00,132344,Cash,Pending,INR,ATM Withdrawal,
T9010,A0067,P093,B601,2026-10-01,2026-10-01 10:08:00,57274,NetBanking,Success,INR,Online Purchase,False
T0849,A0030,P078,B032,2026-05-17,2026-05-17 15:47:00,70732,Cash,Failed,INR,Salary Credit [late correction],N
T9160,A4215,P986,B002,2026-09-30,2026-09-30 04:58:00,166110,Cheque,Success,INR,EMI Payment,False
T9090,A0066,P001,B984,2026-10-01,2026-10-01 15:00:00,133640,Card,Failed,INR,Fund Transfer,False
T9093,A0072,P611,B078,2026-10-01,2026-09-30 17:06:00,82197,Card,Pending,INR,EMI Payment,N
T9108,A9023,P011,B066,2026-09-30,2026-09-30 15:58:00,2816,UPI,Success,INR,Bill Payment,False
T9159,A0115,P611,B044,2026/09/30,2026-09-30 01:41:00,173779,Cheque,Pending,INR,EMI Payment,
T9135,A5228,P041,B021,10/01/2026,2026-10-01 22:59:00,117948,UPI,FAILED,INR,Fund Transfer,N
T9060,A5222,P024,B932,2026-09-30,2026-10-01 07:04:00,91875,Card,Failed,INR,ATM Withdrawal,False
T9142,A0160,P978,B023,01/10/2026,2026-10-01 08:50:00,130469,UPI,Pending,INR,Online Purchase,0
T9036,A0118,P037,B184,2026-10-01,2026-10-01 18:36:00,80732,upi,Pending,EUR,EMI Payment,Y
T9081,A6237,P084,B015,2026-10-01,2026-10-01 20:10:00,121057,Cash,Failed,INR,Bill Payment,False
T9122,A0029,P067,B056,01-10-2026,2026-10-01 13:57:00,47555,Cash,Failed,INR,EMI Payment,False
T9124,A6240,P609,B028,2026-09-30,2026-09-30 14:30:00,167236,Cash,Success,INR,Online Purchase,
T9178,A3203,P065,B065,2026-10-01,2026-10-01 01:31:00,106646,NetBanking,Success,INR,EMI Payment,N
T9166,A0148,P300,B031,2026-09-30,2026-09-30 05:33:00,43688,UPI,Pending,INR,Online Purchase,
T9180,A0119,P008,B073,2026-10-01,2026-10-01 19:42:00,82832,Cash,Failed,INR,,0
T9021,A0125,P047,B392,2026-09-30,2026-09-30 09:37:00,172060,Card,Success,INR,Online Purchase,False
T9046,A1171,P024,B002,2026-09-30,2026-09-30 21:28:00,131297,NetBanking,Pending,INR,Salary Credit,True
T9084,A0053,P402,B068,2026-10-01,2026-09-30 09:33:00,-112836,Card,Failed,INR,Online Purchase,0
T9154,A5222,P018,B027,2026-09-30,2026-10-01 04:30:00,51144,Cash,Failed,INR,Bill Payment,False
T9116,A0147,P003,B058,2026-10-01,2026-10-01 01:20:00,42765,NetBanking,Pending,INR,Salary Credit,False
T9039,A3201,P073,B032,2026-10-01,2026-10-01 16:00:00,8864,Card,Pending,INR,EMI Payment,N
T9015,A6241,P042,B392,2026-10-01,2026-09-30 13:50:00,27046,Cash,Pending,INR,Salary Credit,
T9017,A9917,P059,B013,09/30/2026,2026-09-30 09:25:00,52000,Card,Failed,INR,EMI Payment,False
T9059,A0013,P036,B065,2026-09-30,2026-10-01 09:25:00,29263,Cash,Success,INR,Salary Credit,False
T9143,A0076,P067,B996,2026-10-01,2026-10-01 13:35:00,125102,NetBanking,Pending,INR,EMI Payment,N
T9129,A0091,P057,B052,2026-09-30,2026-10-01 22:24:00,113951,UPI,Failed,INR,Bill Payment,False
T9136,A0009,P051,B064,2026-09-30,2026-09-30 11:39:00,168183,UPI,Success,INR,Online Purchase,N
T9018,A0090,P010,B062,2026-10-01,2026-10-01 00:13:00,104154,netbanking,Pending,INR,Bill Payment,0
T9169,A0157,P086,B021,2026-10-01,2026-10-01 10:14:00,70812,NetBanking,Success,INR,Salary Credit,N
T9133,A1175,P029,B390,2026-10-01,2026-10-01 01:16:00,120537,UPI,Failed,INR,EMI Payment,N
T9125,A5225,P052,B001,01/10/2026,2026-10-01 22:58:00,26116,Card,Failed,INR,ATM Withdrawal,False
T9127,A1181,P504,B010,2026/09/30,2026-10-01 21:04:00,88675,UPI,Failed,INR,ATM Withdrawal,Y
T9012,A0077,P075,B045,2026-10-01,2026-10-01 10:36:00,17889,Cash,Pending,INR,Online Purchase,False
T0427,A0004,P013,B006,14/10/2025,2026-06-30 06:36:00,51513,NetBanking,Success,INR,Bill Payment [late correction],False
T9079,A0134,P059,B046,2026-09-30,2026-10-01 21:35:00,56098,Card,Failed,INR,Bill Payment,N
T9042,A0053,P094,B048,2026-09-30,2026-09-30 11:43:00,63608,Cash,Success,INR,ATM Withdrawal,0
T9121,A1179,P091,B050,2026-09-30,2026-10-01 23:13:00,158771,NetBanking,Success,INR,ATM Withdrawal,0
T9170,A9828,P082,B926,2026/09/30,2026-09-30 12:50:00,50745,Card,Success,INR,Salary Credit,False
T9083,A0046,P094,B002,2026-09-30,2026-09-30 02:58:00,186774,UPI,Failed,INR,,True
T9130,A0145,P401,B181,2027-02-20,2026-09-30 07:50:00,80596,Card,Success,INR,Salary Credit,False
T9171,A0140,P036,B052,2026-10-01,2026-10-01 01:36:00,165239,Cash,Success,INR,Bill Payment,False
T0598,A0109,P091,B012,2025-09-13,2025-09-13 20:09:00,192325,NetBanking,Success,INR, [late correction],False
T9027,A7250,P078,B496,2026-09-30,2026-09-30 14:37:00,142792,NetBanking,Failed,INR,ATM Withdrawal,N
T9024,A7244,P074,B003,2026-09-30,2026-09-30 16:35:00,172257,UPI,Pending,INR,Salary Credit,
T9096,A0090,P001,B074,2026-09-30,2026-09-30 13:08:00,124731,NetBanking,SUCCESS,INR,,0
T9032,A5227,P014,B007,30-09-2026,2026-09-30 07:22:00,0,NetBanking,Success,INR,ATM Withdrawal,0
T9102,A0031,P609,B078,2026-10-01,2026-10-01 14:13:00,42894,NetBanking,Failed,INR,Salary Credit,False
T0358,A0155,P051,B052,10-01-2026,2026-01-10 03:06:00,104243,NetBanking,Success,INR,Salary Credit [late correction],0
T9087,A0126,P065,B059,01/10/2026,2026-10-01 18:28:00,95784,UPI,Failed,INR,EMI Payment,False
T9005,A0104,P041,B023,09/30/2026,2026-10-01 15:34:00,108648,upi,Faild,INR,EMI Payment,N
T9158,A0107,P003,B012,2026-10-01,2026-10-01 00:33:00,51238,UPI,Failed,INR,Fund Transfer,0
T9176,A0093,P072,B181,2026-10-01,2026-10-01 19:49:00,43809,Card,Failed,INR,EMI Payment,False
T0053,A0050,P504,B392,12-09-2026,2026-09-12 12:42:00,170344,Cash,Success,INR,Fund Transfer [late correction],0
T9179,A0014,P609,B060,2026-10-01,2026-09-30 21:16:00,182489,UPI,Success,INR,Fund Transfer,False
T9038,A5224,P016,B181,2026/09/30,2026-09-30 16:17:00,51474,UPI,Pending,INR,,
T9104,A0145,P078,B029,2026-09-30,2026-09-30 17:39:00,9469,UPI,Pending,INR,ATM Withdrawal,False
T9041,A1184,P503,B025,09/30/2026,2026-09-30 07:02:00,0,Cash,Success,INR,Salary Credit,False
T9020,A0061,P009,B070,01/10/2026,2026-10-01 15:42:00,54270,UPI,Succes,INR,Online Purchase,
T9164,A0021,P507,B058,2026-09-30,2026-09-30 18:18:00,Rs.81250,Cash,Success,INR,ATM Withdrawal,False
T9043,A2188,P507,B968,01-10-2026,2026-09-30 01:26:00,25461,NetBanking,Success,INR,Fund Transfer,Y
T9063,A0036,P017,B074,2026-09-30,2026-09-30 15:55:00,11427,Card,Failed,INR,Online Purchase,N
T9051,A0120,P087,B069,01-10-2026,2026-09-30 15:11:00,73808,NetBanking,Pending,INR,EMI Payment,N
T9052,A6237,P044,B021,2026-10-01,2026-10-01 03:01:00,80932,UPI,Pending,INR,Bill Payment,N
T9173,A5227,P035,B052,2026-09-30,2026-10-01 23:13:00,104069,netbanking,Failed,INR,Online Purchase,0
T0824,A9598,P017,B390,2025-07-16,2025-07-16 23:26:00,149565,Cash,Success,EUR,Online Purchase [late correction],True
T9074,A0106,P037,B054,2026-09-30,2026-09-30 17:21:00,69671,UPI,Succes,INR,Fund Transfer,N
T9103,A3207,P002,B289,2027-04-17,2026-10-01 15:07:00,7552,Cash,Success,INR,Bill Payment,False
T9078,A0069,P093,B045,2026-09-30,2026-09-30 02:08:00,36441,UPI,Failed,INR,,
T9003,A4718,P078,B600,30/09/2026,2026-10-01 08:24:00,192183,UPI,sucess,INR,Salary Credit,N
T9137,A0073,P057,B057,2026/09/30,2026-10-01 05:50:00,147560,NetBanking,Success,INR,,0
T9115,A0062,P070,B038,09/30/2026,2026-09-30 16:12:00,5853,NetBanking,Pending,INR,,N
T9145,A3208,P003,B067,2026-09-30,2026-09-30 21:08:00,108403,upi,Faild,INR,Fund Transfer,1
T9093,A0072,P611,B078,2026-10-01,2026-09-30 17:06:00,107660,Card,Pending,INR,EMI Payment,N
T9149,A0025,P299,B285,2026-09-30,2026-09-30 12:02:00,81326,UPI,Failed,INR,Online Purchase,N
T9089,A0116,P042,B028,30/09/2026,2026-09-30 08:32:00,52482,Card,Pending,INR,,False
T9128,A1177,P001,B070,2026-10-01,2026-10-01 21:40:00,"163,970",Cash,SUCCESS,INR,EMI Payment,False
T9094,A0043,P002,B041,2026-09-30,2026-09-30 18:01:00,72529,Card,Failed,INR,Fund Transfer,False
T9050,A0022,P048,B497,2026-10-01,2026-10-01 18:04:00,89845,Cash,Pending,INR,EMI Payment,False
T9151,A0162,P945,B012,2026/10/01,2026-10-01 10:34:00,21087,Cash,Failed,INR,,False
T9085,A5224,P071,B073,2026-09-30,2026-09-30 18:12:00,5223,UPI,Failed,INR,Salary Credit,False
T9035,A9227,P061,B393,2026-09-30,2026-09-30 07:29:00,146857,NetBanking,Success,INR,Salary Credit,0
T9123,A0121,P070,B497,2026/10/01,2026-10-01 12:13:00,14320,Cash,Pending,EUR,,N
T9088,A0127,P042,B289,2026-10-01,2026-10-01 17:57:00,129723,UPI,Pending,INR,Salary Credit,False
T9013,A0163,P061,B005,2026-09-30,2026-10-01 08:59:00,103734,NetBanking,Failed,INR,EMI Payment,
T0793,A0035,P080,B054,2027-02-12,2025-09-16 20:14:00,135068,UPI,Failed,INR,ATM Withdrawal [late correction],False
T9048,A0020,P074,B023,2026/10/01,2026-10-01 02:55:00,36691,NetBanking,sucess,INR,ATM Withdrawal,0
T9089,A0116,P042,B028,30/09/2026,2026-09-30 08:32:00,52482,Card,Pending,INR,,False
T9129,A0091,P057,B052,2026-09-30,2026-10-01 22:24:00,12115,UPI,Success,INR,Bill Payment,False
T9001,A0078,P037,B031,09/30/2026,2026-09-30 02:36:00,153737,UPI,Success,INR,Online Purchase,N
T9057,A0045,P037,B064,2026/09/30,2026-09-30 06:27:00,118821,NetBanking,Failed,INR,Online Purchase,N
T9019,A0018,P045,B987,2026-09-30,2026-09-30 19:07:00,9114,Cash,Failed,INR,Fund Transfer,False
T9023,A0082,P070,B019,2026-09-30,2026-09-30 12:03:00,21428,CASH,Success,INR,,N
T9004,A2200,P507,B027,2026-09-30,2026-10-01 09:15:00,116056,UPI,Success,INR,Online Purchase,False
T0097,A7246,P072,B070,2026-02-01,2026-06-22 15:37:00,6329,Cash,Failed,INR, [late correction],False
T9056,A0147,P019,B021,2026-09-30,2026-09-30 16:27:00,,Cash,Failed,INR,EMI Payment,N
T9138,A6238,P073,B050,2026-09-30,2026-09-30 09:32:00,19202,NetBanking,Success,INR,Salary Credit,N
T9167,A0110,P016,B287,01-10-2026,2026-10-01 16:01:00,160620,UPI,Failed,INR,ATM Withdrawal,False
T9014,A0143,P050,B023,2026-10-01,2026-10-01 18:09:00,78569,NetBanking,Failed,INR,EMI Payment,N
T9139,A0070,P077,B025,2027-01-18,2026-09-30 18:24:00,158070,UPI,Failed,INR,Online Purchase,False
T0256,A0079,P054,B048,2026-07-26,2026-07-26 08:53:00,145440,Cheque,Failed,INR,Bill Payment [late correction],N
T9009,A0052,P074,B031,2026-09-30,2026-09-30 03:48:00,54956,Card,Failed,INR,,False
T9144,A4215,P001,B496,09/30/2026,2026-09-30 01:41:00,-188621,Card,Pending,INR,Salary Credit,0
T9070,A0153,P026,B042,2026-10-01,2026-10-01 04:10:00,74306,NetBanking,Failed,INR,Salary Credit,False
T9162,A0115,P084,B069,01-10-2026,2026-10-01 12:22:00,112060,Cash,Success,INR,Salary Credit,
T9106,A0025,P090,B496,2026-10-01,2026-10-01 03:34:00,81896,Card,Failed,USD,Bill Payment,0
T9152,A0018,P084,B033,2026-09-30,2026-09-30 17:24:00,87084,Card,Success,INR,ATM Withdrawal,
T9109,A0081,P067,B494,2026-10-01,2026-10-01 11:26:00,159230,CASH,Pending,INR,Fund Transfer,False
T9107,A0075,P063,B062,10/01/2026,2026-09-30 07:34:00,148700,Cash,Failed,INR,Online Purchase,N
T9075,A0068,P083,B938,2026-10-01,2026-10-01 10:05:00,0,Cash,Failed,INR,Fund Transfer,True
T9016,A0109,P004,B061,2026-10-01,2026-09-30 00:31:00,55083,Cash,Pending,INR,Online Purchase,N
T9025,A0067,P032,B069,2026-10-01,2026-09-30 07:35:00,-21390,NetBanking,Failed,INR,Fund Transfer,
T9175,A0004,P006,B020,2026-10-01,2026-10-01 08:18:00,,Cash,Failed,INR,Salary Credit,N
T9072,A0016,P964,B289,2026-09-30,2026-10-01 17:36:00,188658,Card,Pending,INR,EMI Payment,N
T9112,A2192,P085,B018,2026-10-01,2026-10-01 21:19:00,46143,upi,Failed,INR,Online Purchase,False
T9154,A5222,P018,B027,2026-09-30,2026-10-01 04:30:00,51144,Cash,Failed,INR,Bill Payment,False
T9040,A0038,P922,B047,2026-10-01,2026-10-01 12:00:00,43007,Card,Pending,INR,ATM Withdrawal,N
T9141,A0048,P033,B285,2026-10-01,2026-10-01 23:57:00,13034,UPI,Pending,INR,ATM Withdrawal,False
T9120,A3210,P027,B050,2026-09-30,2026-09-30 01:19:00,181181,UPI,Pending,INR,Online Purchase,N
T9119,A7251,P997,B289,2026-09-30,2026-09-30 00:31:00,20648,NetBanking,Failed,INR,,False
T9077,A0002,P079,B599,2026/09/30,2026-09-30 08:04:00,88345,Card,sucess,INR,Online Purchase,0
T9140,A0096,P090,B026,2026-09-30,2026-09-30 23:27:00,57026,NetBanking,Failed,INR,Bill Payment,False
T9037,A0121,P908,B285,2026-09-30,2026-09-30 13:29:00,63569,Card ,Pending,INR,Fund Transfer,False
T9064,A7246,P080,B021,2026-09-30,2026-09-30 18:41:00,156021,Cash,Failed,INR,Bill Payment,False
T9163,A0039,P070,B045,2026-09-30,2026-09-30 15:53:00,154934,Card,Success,INR,Fund Transfer,False
T9045,A4718,P029,B018,2026-09-30,2026-09-30 02:24:00,171126,NetBanking,Success,INR,Bill Payment,False
T9076,A0055,P033,B014,2026-09-30,2026-09-30 22:48:00,53131,Card,pending,INR,,N
T9155,A1172,P086,B181,10/01/2026,2026-10-01 17:05:00,176587,UPI,Pending,INR,ATM Withdrawal,0
T9114,A0102,P009,B041,09/30/2026,2026-09-30 22:38:00,30283,Cash,sucess,INR,Fund Transfer,False
T9100,A9695,P076,B598,2026-09-30,2026-10-01 04:30:00,95346,netbanking,Failed,INR,EMI Payment,False
T9082,A1172,P037,B289,2026-09-30,2026-09-30 18:37:00,63896,NetBanking,Pending,INR,Online Purchase,False
T9132,A0137,P012,B934,30/09/2026,2026-09-30 11:10:00,147154,NetBanking,Success,INR,Salary Credit,False
T9008,A0021,P038,B184,01/10/2026,2026-10-01 07:13:00,194535,Card,Failed,INR,Bill Payment,False
T9111,A0114,P083,B002,2026-09-30,2026-09-30 06:43:00,172276,Card ,Pending,INR,Fund Transfer,False
T9172,A0086,P063,B067,2026-10-01,2026-10-01 23:31:00,27848,Card,Success,INR,,N
T9105,A0047,P090,B182,30-09-2026,2026-10-01 21:22:00,78513,Cash,SUCCESS,INR,Online Purchase,0
T9147,A0069,P044,B045,09/30/2026,2026-10-01 23:37:00,108400,UPI,sucess,INR,EMI Payment,0
T9033,A0017,P069,B018,2026-10-01,2026-10-01 17:02:00,157470,cash,sucess,INR,,False
T9049,A0039,P094,B288,30-09-2026,2026-09-30 17:36:00,183185,NetBanking,Success,INR,Salary Credit,False
T9156,A0143,P086,B599,30/09/2026,2026-09-30 03:09:00,107090,Cash,Failed,INR,Bill Payment,1
T9110,A0132,P300,B494,2026-09-30,2026-09-30 07:37:00,93397,NetBanking,Success,INR,Online Purchase,False
T9054,A0078,P042,B918,2026-10-01,2026-10-01 14:35:00,181267,NetBanking,Pending,INR,Bill Payment,
T9002,A4719,P970,B497,01/10/2026,2026-09-30 23:51:00,88193,UPI,Pending,INR,Salary Credit,False
T9134,A0133,P038,B040,2026-10-01,2026-10-01 18:34:00,160746,Cash,Pending,INR,EMI Payment,N
T9022,A2195,P909,B043,30/09/2026,2026-09-30 03:54:00,53078,Cash,Success,INR,Online Purchase,True
T9150,A0066,P035,B598,2026-10-01,2026-09-30 23:14:00,132764,NetBanking,Pending,INR,Bill Payment,False
T9146,A1174,P017,B599,2026-09-30,2026-10-01 10:05:00,23244,UPI,Success,INR,Online Purchase,False
T9161,A0098,P031,B598,01/10/2026,2026-09-30 08:55:00,22371,UPI,Success,INR,,
T9086,A0003,P010,B003,2026-09-30,2026-09-30 13:38:00,55765,Cheque,Failed,INR,,False
T9055,A0156,P929,B058,30-09-2026,2026-10-01 17:43:00,38253,UPI,Failed,INR,,
T0064,A5229,P034,B040,07/24/2026,2026-07-24 03:47:00,14251,CASH,Success,INR,Fund Transfer [late correction],N
T9095,A0090,P300,B494,2026-09-30,2026-09-30 21:22:00,91873,Cash,Pending,INR,EMI Payment,False
T9026,A0007,P071,B990,2026-10-01,2026-09-30 13:38:00,174421,UPI,Pending,INR,Fund Transfer,False
T9153,A7250,P009,B028,2026-09-30,2026-09-30 06:34:00,17547,Card,Success,INR,EMI Payment,False
T9118,A0145,P045,B074,2026-09-30,2026-09-30 09:38:00,108115,Card,Failed,INR,Salary Credit,0
T9177,A0036,P506,B021,30-09-2026,2026-09-30 11:20:00,79927,NetBanking,Failed,INR,Online Purchase,False
T9080,A0155,P712,B038,2026-09-30,2026-09-30 13:46:00,93817,Cash,Pending,INR,Fund Transfer,False
T9069,A3209,P070,B026,2026-10-01,2026-10-01 21:37:00,153215,NetBanking,Pending,INR,Salary Credit,True
T9028,A3208,P094,B033,2026-10-01,2026-10-01 11:42:00,105853,Card,Failed,INR,Online Purchase,False
T9068,A1180,P053,B910,2026-09-30,2026-09-30 22:54:00,73548,Cash,Failed,INR,Fund Transfer,False
T9062,A0150,P048,B009,2026-09-30,2026-09-30 03:27:00,24986,NetBanking,Failed,INR,Online Purchase,N
T9044,A0039,P080,B020,2026-09-30,2026-10-01 12:45:00,188704,UPI,pending,INR,ATM Withdrawal,N
T9117,A0018,P042,B028,2026-10-01,2026-09-30 20:51:00,179992,upi,Success,INR,EMI Payment,False
T9101,A0059,P028,B041,2026/10/01,2026-10-01 11:14:00,22665,netbanking,Success,INR,Bill Payment,False
T0504,A1173,P300,B067,01/26/2026,2026-05-26 21:42:00,145235,NetBanking,Failed,INR, [late correction],False
T9131,A0110,P055,B049,2026/09/30,2026-09-30 23:33:00,100442,UPI,Success,INR,Salary Credit,0
T9031,A0070,P042,B039,2026-09-30,2026-09-30 09:00:00,141022,UPI,sucess,INR,Salary Credit,False
T9066,A0049,P001,B060,2026-09-30,2026-09-30 16:23:00,79097,Cash,Failed,INR,Fund Transfer,
T9030,A0126,P505,B288,2026-09-30,2026-10-01 13:34:00,"157,656",Cash,Success,INR,Bill Payment,False
T9148,A0100,P507,B077,01-10-2026,2026-10-01 22:14:00,181813,Cash,Pending,INR,Online Purchase,N
T9165,A0033,P067,B074,2026-09-30,2026-09-30 10:46:00,58450,NetBanking,Failed,INR,,0
T9157,A2190,P018,B011,2026-09-30,2026-09-30 05:42:00,66051,Card,Success,INR,Fund Transfer,N
T9092,A0149,P033,B008,2026-10-01,2026-10-01 18:20:00,71184,Cash,Pending,INR,EMI Payment,N
T9126,A6243,P506,B050,30/09/2026,2026-09-30 09:18:00,70873,Cash,Pending,INR,EMI Payment,False
T9099,A0036,P063,B035,2026-09-30,2026-09-30 16:58:00,146266,Card ,Success,INR,ATM Withdrawal,False
T9034,A0022,P093,B067,2026-09-30,2026-09-30 16:48:00,25562,Card,Success,INR,Salary Credit,False
T9073,A0060,P504,B045,30/09/2026,2026-09-30 12:15:00,186853,Card,SUCCESS,INR,Online Purchase,False
T9007,A0081,P506,B053,2026-10-01,2026-10-01 00:43:00,86074,Card,pending,INR,Bill Payment,False
T9174,A0032,P091,B075,30-09-2026,2026-09-30 11:20:00,189939,NetBanking,Pending,INR,ATM Withdrawal,N
T9125,A5225,P052,B001,01/10/2026,2026-10-01 22:58:00,47753,Card,Success,INR,ATM Withdrawal,False
T9011,A0059,P065,B022,2026-10-01,2026-10-01 20:42:00,124639,UPI,Pending,INR,,0
T9067,A0102,P007,B032,2026-09-30,2026-09-30 15:30:00,120006,Card,Failed,INR,Online Purchase,0
T9097,A4721,P022,B005,2026-10-01,2026-09-30 05:48:00,0,NetBanking,Failed,INR,Salary Credit,Y
T9071,A2199,P902,B008,2026-10-01,2026-10-01 15:42:00,64265,Cash,Pending,INR,Bill Payment,False
